{
  "IcoMoonType": "selection",
  "icons": [
    {
      "icon": {
        "paths": [
          "M981.188 288.108c-88.808-12.768-183.382-22.016-282.076-27.22l164.888-164.888-64-64-224.558 224.556c-21.006-0.368-42.156-0.556-63.442-0.556v0l-256-256-64 64 194.196 194.196c-120.922 4.242-236.338 14.524-343.386 29.912-27.532 107.726-42.81 226.752-42.81 351.892s15.278 244.166 42.804 351.89c143.642 20.652 302.34 32.11 469.196 32.11s325.55-11.458 469.188-32.11c27.534-107.724 42.812-226.75 42.812-351.89s-15.278-244.166-42.812-351.892zM863.892 874.594c-107.73 13.766-226.75 21.406-351.892 21.406s-244.166-7.64-351.892-21.406c-20.648-71.816-32.108-151.166-32.108-234.594 0-83.43 11.458-162.78 32.108-234.596 107.726-13.766 226.75-21.404 351.892-21.404 125.136 0 244.162 7.638 351.886 21.404 20.656 71.816 32.114 151.166 32.114 234.596 0 83.428-11.458 162.778-32.108 234.594z"
        ],
        "tags": [
          "tv",
          "television",
          "show"
        ],
        "defaultCode": 59739,
        "grid": 16,
        "attrs": []
      },
      "attrs": [],
      "properties": {
        "ligatures": "tv, television",
        "name": "tv",
        "order": 27,
        "id": 92,
        "prevSize": 32
      },
      "setIdx": 2,
      "setId": 1,
      "iconIdx": 91
    }
  ],
  "height": 1024,
  "preferences": {
    "showGlyphs": true,
    "showQuickUse": true,
    "showQuickUse2": true,
    "showSVGs": true,
    "fontPref": {
      "prefix": "icon-",
      "metadata": {
        "fontFamily": "icomoon"
      },
      "metrics": {
        "emSize": 1024,
        "baseline": 6.25,
        "whitespace": 50
      },
      "embed": false
    },
    "imagePref": {
      "prefix": "icon-",
      "png": true,
      "useClassSelector": true,
      "color": 0,
      "bgColor": 16777215,
      "classSelector": ".icon",
      "name": "icomoon"
    },
    "historySize": 50,
    "showCodes": true,
    "gridSize": 16
  }
}